Company Name,Country,Company Website URL,Email
PM PERA METAL CNC MECHANICAL PARTS,Turkey,https://www.perametal.com,info@perametal.com
AGS - CNC MACHINING UNIP. LDA,Portugal,https://agsmachining.com/,geral@agsmachining.com
AGS - CNC MACHINING UNIP. LDA,Portugal,https://agsmachining.com/,mail@business.com
AGS - CNC MACHINING UNIP. LDA,Portugal,https://agsmachining.com/,your@company.com
BULUT CNC MACHINING,Turkey,https://bulutcncmakina.com/portfoy/,info@bulutcncmakina.com
KOVINSKI IZDELKI HRAST CNC TURNING,Slovenia,http://www.kovinski-izdelki.si,info@kovinski-izdelki.si
UCES CNC MACHINING,Turkey,https://www.ucesmakina.com,info@ucesmakina.com
CNC-STEP GMBH & CO. KG,Germany,https://www.cnc-step.de/,ehren@cnc-step.de
CNC-STEP GMBH & CO. KG,Germany,https://www.cnc-step.de/,hermens@cnc-step.de
CNC-STEP GMBH & CO. KG,Germany,https://www.cnc-step.de/,info@cnc-step.de
CNC-STEP GMBH & CO. KG,Germany,https://www.cnc-step.de/,lutter@cnc-step.de
CNC-STEP GMBH & CO. KG,Germany,https://www.cnc-step.de/,peters@cnc-step.de
CNC-STEP GMBH & CO. KG,Germany,https://www.cnc-step.de/,stiegen@cnc-step.de
"SHENZHEN PROMOSTAR HARDWARE CO.,LTD",Germany,https://www.pshardware.com,sales@pshardware.com
YILDIZLAR KALIP PLAST KAUÇUK A.S.,Turkey,https://www.yildizlarkalip.com,info@yildizlarkalip.com
Frezamet Bis Sp. z o.o,Poland,https://frezamet-bis.com,biuro@frezamet-bis.com
Frezamet Bis Sp. z o.o,Poland,https://frezamet-bis.com,faktury@frezamet-bis.com
Alsa Çözüm Metal San. ve Tic. A.Ş.,Turkey,https://en.alsacozum.com,info@alsacozum.com
GAI GIACOMO SRL,Italy,http://www.gai-giacomo.com,info@gaigiacomosrl.it
"NINGBO TOWER INDUSTRY CO.,LTD",Ireland,https://www.tower-industry.com/,jimmy@tower-industry.com
"NINGBO TOWER INDUSTRY CO.,LTD",Ireland,https://www.tower-industry.com/,luke@tower-industry.com
"NINGBO TOWER INDUSTRY CO.,LTD",Ireland,https://www.tower-industry.com/,sales@tower-industry.com
MEC PUIG,Spain,https://www.mecpuig.com,info@mecpuig.com
MEC PUIG,Spain,https://www.mecpuig.com,mecpuig.comproduccio@mecpuig.com
MEC PUIG,Spain,https://www.mecpuig.com,produccio@mecpuig.com
VIRMER,Netherlands,https://virmer.com/?utm_source=europage,help@virmer.com
VIRMER,Netherlands,https://virmer.com/?utm_source=europage,info@virmer.com
XUFENG TOOL TECH GROUP LIMITED,Germany,http://www.xfcncparts.com/,sales@xftooltech.com
SZATUNAPLEX KFT.,Hungary,https://www.szatunaplex.hu,info@szatunaplex.hu
TECHNIC MACHINES,Turkey,https://www.technicmachines.com,info@technicmachines.com
INOTECH MACHINING SRL,Romania,https://inotechmachining.com,email@email.com
INOTECH MACHINING SRL,Romania,https://inotechmachining.com,office@ex.cominotechmachining.com
INOTECH MACHINING SRL,Romania,https://inotechmachining.com,office@inotechmachining.com
MECALTEX MECANICA GERAL DE PRECISÃO LDA,Portugal,https://www.mecaltex.com,contact@plaisance.pt
